date,open,high,low,close,volume
2026-02-09,84.88,88.60,82.83,86.56,41278076
2026-02-10,85.315,88.22,85.21,85.60,41823769
2026-02-11,78.04,79.90,74.25,77.97,68727554
2026-02-12,78.87,79.00,70.43,71.12,57569308
2026-02-13,72.465,77.0752,71.52,75.97,43506942
2026-02-17,74.34,76.72,72.87,75.44,31818504
2026-02-18,74.79,78.265,74.06,75.21,25655440
2026-02-19,74.39,76.14,73.53,75.65,20780449
2026-02-20,75.20,78.08,75.13,76.11,30283907
2026-02-23,74.595,74.95,71.4201,71.78,30422710
2026-02-24,70.912,73.88,69.22,73.39,23571757
2026-02-25,76.91,78.1132,74.64,77.53,32366170
2026-02-26,76.93,79.5686,76.45,79.45,22685799
2026-02-27,76.80,77.79,74.82,75.85,23485290
2026-03-02,73.485,79.54,73.00,78.78,26904707
2026-03-03,74.04,77.3999,72.25,76.07,26929171
2026-03-04,79.60,83.85,79.58,82.21,38493837
2026-03-05,82.12,84.75,78.55,80.56,39868312
2026-03-06,77.91,79.00,76.38,77.09,28734366
2026-03-09,75.92,79.65,75.55,79.35,25186610
2026-03-10,80.205,80.7499,77.66,78.53,22663591
2026-03-11,78.11,79.77,76.735,78.69,22677210
2026-03-12,77.335,77.82,75.07,76.12,22668272
2026-03-13,76.75,77.63,72.795,73.39,33417524
2026-03-16,75.10,75.805,74.11,75.31,22783397
2026-03-17,75.40,77.70,75.39,77.35,20210220
2026-03-18,76.13,77.25,74.8301,74.90,21937559
2026-03-19,72.28,75.16,71.70,74.16,21552531
2026-03-20,73.10,73.41,69.90,70.89,34441126
2026-03-23,71.846,73.60,70.9201,72.49,26070187
2026-03-24,71.51,71.84,68.5755,69.08,29317572
2026-03-25,71.825,74.5898,71.75,72.54,27500064
2026-03-26,71.15,73.24,69.70,70.35,21327043
2026-03-27,68.54,68.89,65.872,66.02,30547031
2026-03-30,66.859,67.89,63.515,65.16,26512250
2026-03-31,65.82,69.4127,65.18,69.30,35925102
2026-04-01,71.13,71.5512,69.14,70.11,24130357
2026-04-02,67.20,70.15,65.57,68.90,23381347
2026-04-06,69.31,70.82,68.71,69.78,24334458
2026-04-07,68.30,69.66,66.62,69.65,24967432
2026-04-08,76.80,77.87,71.31,71.83,32953378
2026-04-09,71.59,72.46,68.78,70.12,25973774
2026-04-10,70.11,70.87,68.2801,69.19,23163806
2026-04-13,68.205,71.70,67.80,71.67,21181719
2026-04-14,75.13,79.28,75.05,79.09,43587324
2026-04-15,83.55,87.55,81.50,87.32,72707192
2026-04-16,89.19,89.3799,83.87,86.85,51788108
2026-04-17,90.06,93.32,89.57,90.75,49795273
2026-04-20,89.70,92.38,88.21,91.275,35942426
2026-04-21,91.08,91.45,86.19,86.43,36873045
2026-04-22,89.35,90.135,87.48,88.43,27468392
2026-04-23,86.695,87.61,81.745,83.54,33497616
2026-04-24,84.90,85.06,82.82,84.71,20873084
2026-04-27,84.28,85.70,83.115,83.95,20100433
2026-04-28,81.46,83.14,80.82,82.07,31324157
2026-04-29,72.30,73.59,69.93,71.20,79797564
2026-04-30,71.18,73.8746,70.76,72.89,31187273
2026-05-01,73.775,75.28,73.06,73.66,25254844
2026-05-04,74.70,78.29,74.63,76.55,29377477
2026-05-05,77.615,78.75,76.49,77.03,24754631
2026-05-06,77.80,79.49,76.19,79.05,24673111
2026-05-07,78.955,79.23,75.46,76.28,21873214
2026-05-08,76.24,77.065,74.25,77.03,18141883
2026-05-11,76.79,81.14,74.80,80.78,26357900
2026-05-12,79.08,80.18,76.48,78.27,17097115
2026-05-13,77.07,77.62,75.34,76.75,14805876
2026-05-14,76.05,81.93,75.11,80.70,27967581
2026-05-15,78.54,78.582,76.41,77.14,19662351
2026-05-18,76.00,79.92,75.47,77.15,20209438
2026-05-19,76.15,76.37,73.18,74.16,20490415
2026-05-20,74.75,76.35,73.75,75.76,17178283
2026-05-21,74.945,76.7594,74.65,75.92,16266441
2026-05-22,76.32,77.11,73.26,73.64,20817545
2026-05-26,74.495,76.04,73.455,74.09,20130150
2026-05-27,73.915,76.635,73.45,76.23,25413139
2026-05-28,74.845,84.92,73.53,84.84,44052422
2026-05-29,85.66,94.40,84.235,94.30,64410960
2026-06-01,89.94,92.40,85.5599,90.73,42590760
2026-06-02,88.67,89.43,86.13,88.16,26630608
2026-06-03,86.445,86.815,82.41,82.85,24090317
2026-06-04,83.255,88.62,82.80,88.33,31788590
2026-06-05,86.57,87.3299,79.49,82.47,35905094
2026-06-08,84.62,85.63,82.814,85.04,19347807
2026-06-09,85.87,88.08,78.93,83.77,29312432
2026-06-10,84.09,91.46,84.08,86.36,42027607
2026-06-11,87.08,93.64,85.72,92.23,38959055
2026-06-12,92.735,96.10,90.2201,93.19,33082303
2026-06-15,98.72,100.87,97.45,98.12,36576850
2026-06-16,100.17,101.88,94.57,96.71,31540762
2026-06-17,95.935,110.7279,95.76,105.20,70804679
2026-06-18,107.825,109.08,103.46,108.15,39509947
2026-06-22,108.00,112.50,105.275,105.71,31731229
2026-06-23,101.645,105.99,101.03,103.25,40632287
2026-06-24,102.346,104.27,96.295,97.19,30220048
2026-06-25,98.79,99.19,92.80,93.47,23404351
2026-06-26,93.215,99.44,93.08,98.69,44936800
2026-06-29,100.66,102.85,98.05,101.83,20681628
2026-06-30,101.87,103.06,99.661,100.28,17220699
2026-07-01,100.67,109.53,100.39,108.65,28100638
2026-07-02,112.76,120.05,110.93,112.73,41233309
2026-07-06,111.41,118.65,111.41,117.55,25587299
2026-07-07,115.775,117.85,112.53,112.90,21833475
2026-07-08,110.865,114.13,108.89,113.53,18287225
2026-07-09,112.23,117.65,111.63,115.11,18718828
2026-07-10,119.16,119.43,108.81,111.97,25930164
2026-07-13,111.27,113.70,108.84,109.86,18222372
2026-07-14,111.03,113.69,109.095,113.45,17916688
2026-07-15,114.97,116.60,112.12,115.54,21078641
2026-07-16,114.13,114.52,105.48,106.02,28465764
2026-07-17,100.37,104.11,96.59,99.96,27608551
2026-07-20,102.49,102.60,98.61,99.28,18740065
2026-07-21,102.815,108.21,102.815,106.36,19670331
2026-07-22,104.72,106.885,104.33,104.48,11151678
2026-07-23,101.88,104.12,99.32,101.58,16539905
2026-07-24,100.07,100.08,93.03,94.91,24405037
2026-07-27,96.98,99.4499,93.20,95.65,16616634
2026-07-28,92.665,93.87,88.21,92.76,21666181
2026-07-29,92.21,93.3199,88.6001,89.84,23046581
2026-07-30,90.912,92.57,86.21,86.60,29692521
2026-07-31,86.131,89.50,83.68,86.56,22953459
2026-08-03,86.685,92.35,85.30,90.34,19740541
2026-08-04,92.615,95.60,90.0717,93.51,22639539
2026-08-05,93.96,95.55,92.3151,92.80,15234455
2026-08-06,90.71,92.60,90.21,90.71,12443575
2026-08-07,92.94,95.75,92.52,93.28,14860536
